	name	study_number	intervention_number	timecourse_number	output_number	studies	interventions	outputs	timecourses
2	caffeine	47	69	161	3586	['Abernethy1985', 'Akinyinka2000', 'Backman2008', 'Balogh1992', 'Balogh1995', 'Barnet1990', 'Begas2007', 'Benowitz1995', 'Benowitz2003', 'Blanchard1983a', 'Bonati1982', 'Campbell1987a', 'Carbo1989', 'Carrillo2000a', 'Cheng1990', 'Culm-Merdek2005', 'Desmond1980', 'Fuhr1993a', 'George1986', 'Ghassabian2009', 'Granfors2005', 'Haller2002', 'Harder1988', 'Harder1989', 'Healy1989', 'Healy1991', 'Hetzler1990', 'Jeppesen1996', 'Joeres1988', 'Kaplan1997', 'Koch1999', 'Lelo1986a', 'Levy1983', 'Magnusson2008', 'May1982', 'McLean2002', 'Murphy1988', 'Newton1981', 'Oh2012', 'Parsons1978', 'Perera2011', 'Renner1984', 'Seng2009', 'Spigset1999a', 'Test243', 'Wang1985', 'ZylberKatz1984']	[2, 4, 10, 12, 14, 22, 28, 34, 36, 38, 44, 52, 54, 56, 58, 60, 62, 64, 66, 68, 74, 78, 79, 80, 82, 92, 94, 96, 100, 104, 114, 116, 118, 192, 266, 274, 278, 280, 284, 290, 292, 294, 296, 304, 306, 312, 316, 318, 326, 327, 328, 329, 330, 336, 342, 344, 346, 348, 350, 352, 354, 356, 358, 384, 386, 396, 402, 403, 404]	[55, 56, 57, 58, 59, 60, 61, 62, 63, 64, 65, 66, 67, 68, 69, 70, 71, 72, 73, 74, 75, 76, 77, 78, 79, 80, 81, 82, 83, 84, 85, 86, 87, 88, 89, 90, 91, 92, 93, 94, 95, 96, 97, 98, 99, 100, 101, 102, 103, 104, 105, 106, 107, 108, 114, 115, 116, 117, 118, 124, 125, 126, 127, 128, 189, 190, 191, 192, 193, 194, 195, 196, 197, 198, 199, 200, 201, 202, 203, 204, 205, 206, 207, 208, 209, 210, 211, 212, 213, 214, 215, 216, 217, 218, 219, 220, 221, 222, 223, 224, 225, 226, 227, 228, 229, 230, 231, 232, 233, 234, 235, 236, 237, 238, 239, 240, 241, 242, 243, 244, 245, 246, 247, 248, 299, 300, 301, 302, 303, 304, 305, 306, 307, 308, 367, 368, 369, 370, 371, 372, 373, 374, 375, 376, 786, 788, 790, 863, 864, 865, 866, 867, 868, 869, 870, 871, 872, 873, 874, 875, 876, 877, 878, 879, 880, 881, 882, 883, 884, 885, 886, 887, 888, 889, 890, 891, 892, 893, 894, 895, 896, 897, 898, 899, 900, 901, 902, 903, 904, 905, 906, 907, 908, 909, 910, 911, 912, 913, 914, 915, 916, 917, 918, 919, 920, 921, 922, 923, 924, 925, 926, 927, 928, 929, 930, 931, 932, 933, 934, 1007, 1008, 1009, 1010, 1011, 1012, 1013, 1014, 1015, 1016, 1017, 1018, 1019, 1020, 1021, 1022, 1023, 1024, 1025, 1026, 1027, 1028, 1029, 1030, 1031, 1032, 1033, 1034, 1035, 1036, 1037, 1038, 1039, 1040, 1041, 1042, 1043, 1044, 1045, 1046, 1047, 1048, 1049, 1050, 1051, 1052, 1053, 1054, 1055, 1056, 1057, 1058, 1059, 1060, 1061, 1062, 1063, 1064, 1065, 1066, 1067, 1068, 1069, 1070, 1071, 1072, 1073, 1074, 1075, 1076, 1077, 1078, 1179, 1180, 1181, 1182, 1183, 1184, 1185, 1186, 1187, 1188, 1189, 1190, 1191, 1192, 1193, 1194, 1195, 1196, 1197, 1198, 1199, 1200, 1201, 1202, 1203, 1204, 1205, 1206, 1207, 1208, 1209, 1210, 1211, 1212, 1213, 1214, 1215, 1216, 1217, 1218, 1219, 1220, 1221, 1222, 1223, 1224, 1225, 1226, 1227, 1228, 1229, 1230, 1231, 1232, 1233, 1234, 1235, 1236, 1237, 1238, 1239, 1240, 1241, 1242, 1243, 1244, 1245, 1246, 1247, 1248, 1249, 1250, 1251, 1252, 1253, 1254, 1255, 1256, 1257, 1258, 1259, 1260, 1261, 1262, 1263, 1264, 1265, 1266, 1267, 1268, 1269, 1270, 1271, 1272, 1273, 1274, 1275, 1276, 1277, 1278, 1319, 1320, 1321, 1322, 1323, 1324, 1325, 1326, 1327, 1328, 1329, 1330, 1331, 1332, 1333, 1334, 1335, 1336, 1337, 1338, 1339, 1340, 1341, 1342, 1343, 1344, 1345, 1346, 1347, 1348, 1349, 1350, 1351, 1352, 1353, 1354, 1355, 1356, 1357, 1358, 1364, 1365, 1366, 1367, 1368, 1374, 1375, 1376, 1377, 1378, 1419, 1420, 1421, 1422, 1423, 1424, 1425, 1426, 1427, 1428, 1429, 1430, 1431, 1432, 1433, 1434, 1435, 1436, 1437, 1438, 1439, 1440, 1441, 1442, 1443, 1444, 1445, 1446, 1447, 1448, 1449, 1450, 1451, 1452, 1453, 1454, 1455, 1456, 1457, 1458, 1499, 1500, 1501, 1502, 1503, 1504, 1505, 1506, 1507, 1508, 1509, 1510, 1511, 1512, 1513, 1514, 1515, 1516, 1517, 1518, 1519, 1520, 1521, 1522, 1523, 1524, 1525, 1526, 1527, 1528, 1529, 1530, 1531, 1532, 1533, 1534, 1535, 1536, 1537, 1538, 1579, 1580, 1581, 1582, 1583, 1584, 1585, 1586, 1587, 1588, 1589, 1590, 1591, 1592, 1593, 1594, 1595, 1596, 1597, 1598, 1599, 1600, 1601, 1602, 1603, 1604, 1605, 1606, 1607, 1608, 1609, 1610, 1611, 1612, 1613, 1614, 1615, 1616, 1617, 1618, 1829, 1830, 1831, 1832, 1833, 1834, 1835, 1836, 1837, 1838, 1839, 1840, 1841, 1842, 1843, 1844, 1845, 1846, 1847, 1848, 1849, 1850, 1851, 1852, 1853, 1854, 1855, 1856, 1857, 1858, 1859, 1860, 1861, 1862, 1863, 1864, 1865, 1866, 1867, 1868, 1869, 1870, 1871, 1872, 1873, 1874, 1875, 1876, 1877, 1878, 1879, 1880, 1881, 1882, 1883, 1884, 1885, 1886, 1887, 1888, 1889, 1890, 1891, 1892, 1893, 1894, 1895, 1896, 1897, 1898, 1899, 1900, 1901, 1902, 1903, 1904, 1905, 1906, 1907, 1908, 1909, 1910, 1911, 1912, 1913, 1914, 1915, 1916, 1917, 1918, 1919, 1920, 1921, 1922, 1923, 1924, 1925, 1926, 1927, 1928, 1929, 1930, 1931, 1932, 1933, 1934, 1935, 1936, 1937, 1938, 1939, 1940, 1941, 1942, 1943, 1944, 1945, 1946, 1947, 1948, 1949, 1950, 1951, 1952, 1953, 1954, 1955, 1956, 1957, 1958, 1959, 1960, 1961, 1962, 1963, 1964, 1965, 1966, 1967, 1968, 1969, 1970, 1971, 1972, 1973, 1974, 1975, 1976, 1977, 1978, 1979, 1980, 1981, 1982, 1983, 1984, 1985, 1986, 1987, 1988, 1989, 1990, 1991, 1992, 1993, 1994, 1995, 1996, 1997, 1998, 1999, 2000, 2001, 2002, 2003, 2004, 2005, 2006, 2007, 2008, 2009, 2010, 2011, 2012, 2013, 2014, 2015, 2016, 2017, 2018, 2019, 2020, 2021, 2022, 2023, 2024, 2025, 2026, 2027, 2028, 2029, 2030, 2031, 2032, 2033, 2034, 2035, 2036, 2037, 2038, 2064, 2065, 2066, 2067, 2068, 2069, 2070, 2071, 2072, 2073, 2074, 2075, 2076, 2077, 2078, 2079, 2080, 2081, 2082, 2083, 2084, 2085, 2086, 2087, 2088, 2126, 2128, 2202, 2203, 2204, 2205, 2206, 2207, 2208, 2209, 2210, 2211, 2212, 2224, 2225, 2226, 2227, 2228, 2229, 2230, 2231, 2232, 2233, 2234, 2246, 2247, 2248, 2249, 2250, 2251, 2252, 2253, 2254, 2255, 2256, 2304, 2305, 2306, 2307, 2308, 2314, 2315, 2316, 2317, 2318, 2324, 2325, 2326, 2327, 2328, 2369, 2370, 2371, 2372, 2373, 2374, 2375, 2376, 2377, 2378, 2379, 2380, 2381, 2382, 2383, 2384, 2385, 2386, 2387, 2388, 2389, 2390, 2391, 2392, 2393, 2394, 2395, 2396, 2425, 2426, 2427, 2428, 2429, 2430, 2431, 2432, 2433, 2434, 2435, 2436, 2437, 2438, 2439, 2440, 2441, 2442, 2443, 2444, 2445, 2446, 2447, 2448, 2449, 2450, 2451, 2452, 2454, 2483, 2484, 2485, 2486, 2487, 2488, 2489, 2490, 2491, 2492, 2493, 2494, 2495, 2496, 2497, 2498, 2499, 2500, 2501, 2502, 2503, 2504, 2505, 2506, 2507, 2508, 2509, 2510, 2514, 2515, 2516, 2523, 2524, 2525, 2526, 2527, 2528, 2535, 2536, 2537, 2538, 2539, 2540, 2547, 2548, 2549, 2550, 2551, 2552, 2559, 2560, 2561, 2562, 2563, 2564, 2571, 2572, 2573, 2574, 2575, 2576, 2580, 2581, 2582, 2586, 2587, 2588, 2592, 2593, 2594, 2640, 2641, 2642, 2643, 2644, 2645, 2646, 2647, 2648, 2649, 2650, 2651, 2652, 2653, 2654, 2655, 2656, 2657, 2658, 2659, 2660, 2661, 2662, 2663, 2664, 2665, 2666, 2667, 2668, 2669, 2670, 2671, 2672, 2673, 2674, 2675, 2676, 2677, 2678, 2679, 2680, 2681, 2682, 2683, 2684, 2763, 2764, 2765, 2766, 2767, 2768, 2769, 2770, 2771, 2772, 2773, 2774, 2775, 2776, 2777, 2778, 2779, 2780, 2781, 2782, 2783, 2784, 2785, 2786, 2787, 2788, 2789, 2790, 2791, 2792, 2793, 2794, 2795, 2796, 2797, 2798, 2799, 2800, 2801, 2802, 2803, 2804, 2847, 2848, 2849, 2850, 2851, 2852, 2853, 2854, 2855, 2856, 2857, 2858, 2859, 2860, 2861, 2862, 2863, 2864, 2865, 2866, 2867, 2868, 2869, 2870, 2871, 2872, 2873, 2874, 2875, 2876, 2877, 2878, 2879, 2880, 2881, 2882, 2883, 2884, 2885, 2886, 2887, 2888, 2931, 2932, 2933, 2934, 2935, 2936, 2937, 2938, 2939, 2940, 2941, 2942, 2943, 2944, 2945, 2946, 2947, 2948, 2949, 2950, 2951, 2952, 2953, 2954, 2955, 2956, 2957, 2958, 2959, 2960, 2961, 2962, 2963, 2964, 2965, 2966, 2967, 2968, 2969, 2970, 2971, 2972, 3015, 3016, 3017, 3018, 3019, 3020, 3021, 3022, 3023, 3024, 3025, 3026, 3027, 3028, 3029, 3030, 3031, 3032, 3033, 3034, 3035, 3036, 3037, 3038, 3039, 3040, 3041, 3042, 3043, 3044, 3045, 3046, 3047, 3048, 3049, 3050, 3051, 3052, 3053, 3054, 3055, 3056, 3063, 3064, 3065, 3066, 3067, 3068, 3075, 3076, 3077, 3078, 3079, 3080, 3087, 3088, 3089, 3090, 3091, 3092, 3100, 3101, 3102, 3103, 3104, 3105, 3114, 3115, 3116, 3117, 3118, 3119, 3128, 3129, 3130, 3131, 3132, 3133, 3142, 3143, 3144, 3145, 3146, 3147, 3156, 3157, 3158, 3159, 3160, 3161, 3170, 3171, 3172, 3173, 3174, 3175, 3184, 3185, 3186, 3187, 3188, 3189, 3198, 3199, 3200, 3201, 3202, 3203, 3218, 3219, 3220, 3221, 3222, 3223, 3224, 3225, 3226, 3227, 3228, 3229, 3230, 3244, 3245, 3246, 3247, 3248, 3249, 3250, 3251, 3252, 3253, 3254, 3255, 3256, 3270, 3271, 3272, 3273, 3274, 3275, 3276, 3277, 3278, 3279, 3280, 3281, 3282, 3296, 3297, 3298, 3299, 3300, 3301, 3302, 3303, 3304, 3305, 3306, 3307, 3308, 3322, 3323, 3324, 3325, 3326, 3327, 3328, 3329, 3330, 3331, 3332, 3333, 3334, 3348, 3349, 3350, 3351, 3352, 3353, 3354, 3355, 3356, 3357, 3358, 3359, 3360, 3364, 3365, 3366, 3370, 3371, 3372, 3376, 3377, 3378, 3393, 3394, 3395, 3396, 3397, 3398, 3399, 3400, 3401, 3402, 3403, 3404, 3405, 3406, 3415, 3416, 3424, 3426, 3428, 3430, 3432, 3434, 3436, 3438, 3440, 3442, 3467, 3468, 3469, 3470, 3471, 3472, 3473, 3474, 3475, 3476, 3477, 3478, 3479, 3480, 3481, 3482, 3483, 3484, 3485, 3486, 3487, 3488, 3489, 3490, 3493, 3494, 3543, 3544, 3545, 3546, 3547, 3548, 3549, 3550, 3551, 3552, 3553, 3554, 3555, 3556, 3557, 3558, 3559, 3560, 3561, 3562, 3563, 3564, 3565, 3566, 3567, 3568, 3569, 3570, 3571, 3572, 3573, 3574, 3575, 3576, 3577, 3578, 3579, 3580, 3581, 3582, 3583, 3584, 3585, 3586, 3587, 3588, 3589, 3590, 3639, 3640, 3641, 3642, 3643, 3644, 3645, 3646, 3647, 3648, 3649, 3650, 3651, 3652, 3653, 3654, 3655, 3656, 3657, 3658, 3659, 3660, 3661, 3662, 3663, 3664, 3665, 3666, 3667, 3668, 3669, 3670, 3671, 3672, 3673, 3674, 3675, 3676, 3677, 3678, 3679, 3680, 3681, 3682, 3683, 3684, 3685, 3686, 3688, 3690, 3692, 3694, 3696, 3698, 3700, 3702, 3715, 3716, 3717, 3718, 3719, 3720, 3721, 3722, 3723, 3724, 3725, 3726, 3791, 3792, 3793, 3794, 3795, 3796, 3797, 3798, 3799, 3800, 3801, 3802, 3803, 3804, 3805, 3806, 3807, 3808, 3809, 3810, 3811, 3812, 3813, 3814, 3815, 3816, 3817, 3818, 3819, 3820, 3821, 3822, 3823, 3824, 3825, 3826, 3827, 3828, 3829, 3830, 4069, 4070, 4071, 4072, 4073, 4074, 4075, 4076, 4077, 4078, 4079, 4080, 4081, 4082, 4083, 4084, 4085, 4086, 4087, 4088, 4089, 4090, 4091, 4092, 4093, 4094, 4095, 4096, 4097, 4098, 4099, 4100, 4101, 4102, 4103, 4104, 4105, 4106, 4107, 4108, 4109, 4110, 4111, 4112, 4113, 4114, 4115, 4116, 4123, 4124, 4125, 4126, 4127, 4128, 4130, 4132, 4134, 4136, 4138, 4140, 4142, 4144, 4146, 4148, 4150, 4152, 4154, 4156, 4158, 4160, 4162, 4164, 4166, 4168, 4170, 4172, 4174, 4176, 4178, 4180, 4182, 4184, 4186, 4188, 4190, 4192, 4194, 4196, 4198, 4200, 4202, 4204, 4206, 4208, 4210, 4212, 4214, 4216, 4290, 4292, 4294, 4296, 4298, 4308, 4310, 4312, 4314, 4316, 4326, 4328, 4330, 4332, 4334, 4344, 4346, 4348, 4350, 4352, 4362, 4364, 4366, 4368, 4370, 4380, 4382, 4384, 4386, 4388, 4398, 4400, 4402, 4404, 4406, 4416, 4418, 4420, 4422, 4432, 4434, 4436, 4438, 4440, 4450, 4452, 4460, 4461, 4462, 4463, 4464, 4465, 4466, 4480, 4481, 4482, 4483, 4484, 4485, 4486, 4497, 4498, 4499, 4500, 4502, 4507, 4508, 4509, 4510, 4512, 4607, 4608, 4609, 4610, 4611, 4612, 4613, 4614, 4615, 4616, 4708, 4709, 4710, 4711, 4712, 4713, 4714, 4715, 4716, 4717, 4718, 4719, 4720, 4721, 4722, 4723, 4724, 4725, 4726, 4727, 4728, 4729, 4730, 4731, 4732, 4733, 4734, 4735, 4736, 4737, 4738, 4739, 4740, 4741, 4742, 4743, 4744, 4745, 4746, 4747, 4748, 4749, 4750, 4751, 4752, 4753, 4754, 4755, 4756, 4757, 4758, 4759, 4760, 4761, 4762, 4763, 4764, 4765, 4766, 4767, 4768, 4769, 4770, 4771, 4772, 4773, 4774, 4775, 4776, 4777, 4778, 4809, 4810, 4811, 4812, 4813, 4814, 4815, 4816, 4817, 4818, 4819, 4820, 4821, 4822, 4823, 4824, 4825, 4826, 4827, 4828, 4829, 4830, 4831, 4832, 4833, 4834, 4835, 4836, 4837, 4838, 4845, 4846, 4847, 4848, 4849, 4850, 4858, 4859, 4860, 4861, 4862, 4863, 4864, 4872, 4873, 4874, 4875, 4876, 4877, 4878, 4927, 4931, 4935, 4939, 4943, 4947, 4999, 5000, 5001, 5002, 5003, 5004, 5005, 5006, 5007, 5008, 5009, 5010, 5011, 5012, 5013, 5014, 5015, 5016, 5017, 5018, 5019, 5020, 5021, 5022, 5023, 5024, 5025, 5026, 5027, 5028, 5029, 5030, 5031, 5032, 5033, 5034, 5035, 5036, 5037, 5038, 5039, 5040, 5041, 5042, 5043, 5044, 5045, 5046, 5167, 5168, 5169, 5170, 5171, 5172, 5173, 5174, 5175, 5176, 5177, 5178, 5179, 5180, 5181, 5182, 5183, 5184, 5185, 5186, 5187, 5188, 5189, 5190, 5191, 5192, 5193, 5194, 5195, 5196, 5197, 5198, 5199, 5200, 5201, 5202, 5203, 5204, 5205, 5206, 5207, 5208, 5209, 5210, 5211, 5212, 5213, 5214, 5215, 5216, 5217, 5218, 5219, 5220, 5221, 5222, 5223, 5224, 5225, 5226, 5227, 5228, 5229, 5230, 5231, 5232, 5233, 5234, 5235, 5236, 5237, 5238, 5239, 5240, 5241, 5242, 5243, 5244, 5245, 5246, 5247, 5248, 5249, 5250, 5251, 5252, 5253, 5254, 5255, 5256, 5257, 5258, 5259, 5260, 5261, 5262, 5263, 5264, 5265, 5266, 5267, 5268, 5269, 5270, 5271, 5272, 5273, 5274, 5275, 5276, 5277, 5278, 5279, 5280, 5281, 5282, 5283, 5284, 5285, 5286, 5307, 5308, 5309, 5310, 5311, 5312, 5313, 5314, 5315, 5316, 5317, 5318, 5319, 5320, 5321, 5322, 5323, 5324, 5325, 5326, 5355, 5356, 5357, 5358, 5359, 5360, 5361, 5362, 5363, 5364, 5365, 5366, 5367, 5368, 5369, 5370, 5371, 5372, 5373, 5374, 5375, 5376, 5377, 5378, 5379, 5380, 5381, 5382, 5411, 5412, 5413, 5414, 5415, 5416, 5417, 5418, 5419, 5420, 5421, 5422, 5423, 5424, 5425, 5426, 5427, 5428, 5429, 5430, 5431, 5432, 5433, 5434, 5435, 5436, 5437, 5438, 5455, 5456, 5457, 5458, 5459, 5460, 5461, 5462, 5487, 5488, 5489, 5490, 5491, 5492, 5493, 5494, 5495, 5496, 5497, 5498, 5499, 5500, 5501, 5502, 5511, 5512, 5513, 5514, 5515, 5516, 5517, 5518, 5528, 5529, 5530, 5531, 5532, 5533, 5534, 5535, 5536, 5627, 5628, 5629, 5630, 5631, 5632, 5633, 5634, 5635, 5636, 5637, 5638, 5639, 5640, 5641, 5642, 5643, 5644, 5645, 5646, 5647, 5648, 5649, 5650, 5651, 5652, 5653, 5654, 5655, 5656, 5657, 5658, 5659, 5660, 5661, 5662, 5663, 5664, 5665, 5666, 5667, 5668, 5669, 5670, 5671, 5672, 5673, 5674, 5675, 5676, 5677, 5678, 5679, 5680, 5681, 5682, 5683, 5684, 5685, 5686, 5687, 5688, 5689, 5690, 5691, 5692, 5693, 5694, 5695, 5696, 5697, 5698, 5699, 5700, 5701, 5702, 5703, 5704, 5705, 5706, 5707, 5708, 5709, 5710, 5711, 5712, 5713, 5714, 5715, 5716, 5769, 5770, 5771, 5772, 5773, 5774, 5775, 5776, 5777, 5778, 5779, 5780, 5781, 5782, 5783, 5784, 5785, 5786, 5787, 5788, 5789, 5790, 5791, 5792, 5793, 5794, 5795, 5796, 5797, 5798, 5799, 5800, 5801, 5802, 5803, 5804, 5805, 5806, 5807, 5808, 5809, 5810, 5811, 5812, 5813, 5814, 5815, 5816, 5817, 5818, 5819, 5820, 5873, 5874, 5875, 5876, 5877, 5878, 5879, 5880, 5881, 5882, 5883, 5884, 5885, 5886, 5887, 5888, 5889, 5890, 5891, 5892, 5893, 5894, 5895, 5896, 5897, 5898, 5899, 5900, 5901, 5902, 5903, 5904, 5905, 5906, 5907, 5908, 5909, 5910, 5911, 5912, 5913, 5914, 5915, 5916, 5917, 5918, 5919, 5920, 5921, 5922, 5923, 5924, 5929, 5930, 5931, 5932, 5937, 5938, 5939, 5940, 5959, 5960, 5961, 5962, 5963, 5964, 5965, 5966, 5967, 5968, 5969, 5970, 5971, 5972, 5973, 5974, 5975, 5976, 5983, 5984, 5985, 5986, 5987, 5988, 5995, 5996, 5997, 5998, 5999, 6000, 6016, 6017, 6018, 6049, 6050, 6051, 6052, 6053, 6054, 6055, 6056, 6057, 6058, 6059, 6060, 6061, 6062, 6063, 6064, 6065, 6066, 6067, 6068, 6069, 6070, 6071, 6072, 6073, 6074, 6075, 6076, 6077, 6078, 6082, 6083, 6084, 6088, 6089, 6090, 6094, 6095, 6096, 6175, 6176, 6177, 6178, 6179, 6180, 6181, 6182, 6183, 6184, 6185, 6186, 6187, 6188, 6189, 6190, 6191, 6192, 6193, 6194, 6195, 6196, 6197, 6198, 6199, 6200, 6201, 6202, 6203, 6204, 6205, 6206, 6207, 6208, 6209, 6210, 6211, 6212, 6213, 6214, 6215, 6216, 6217, 6218, 6219, 6220, 6221, 6222, 6223, 6224, 6225, 6226, 6227, 6228, 6229, 6230, 6231, 6232, 6233, 6234, 6235, 6236, 6237, 6238, 6239, 6240, 6241, 6242, 6243, 6244, 6245, 6246, 6247, 6248, 6249, 6250, 6251, 6252, 6254, 6256, 6258, 6260, 6262, 6264, 6266, 6268, 6270, 6272, 6274, 6276, 6278, 6280, 6282, 6284, 6286, 6288, 6290, 6292, 6294, 6296, 6298, 6300, 6302, 6304, 6306, 6308, 6310, 6312, 6314, 6316, 6318, 6320, 6322, 6324, 6329, 6330, 6331, 6332, 6337, 6338, 6339, 6340, 6773, 6774, 6775, 6776, 6777, 6778, 6779, 6780, 6781, 6782, 6783, 6784, 6785, 6786, 6787, 6788, 6789, 6790, 6791, 6792, 6793, 6794, 6795, 6796, 6797, 6798, 6799, 6800, 6801, 6802, 6803, 6804, 6805, 6806, 6807, 6808, 6809, 6810, 6811, 6812, 6813, 6814, 6815, 6816, 6817, 6818, 6819, 6820, 6821, 6822, 6823, 6824, 6825, 6826, 6827, 6828, 6829, 6830, 6831, 6832, 6833, 6834, 6835, 6836, 6837, 6838, 6839, 6840, 6841, 6842, 6843, 6844, 6845, 6846, 6847, 6848, 6849, 6850, 6851, 6852, 6853, 6854, 6855, 6856, 6857, 6858, 6859, 6860, 6861, 6862, 6863, 6864, 6865, 6866, 6867, 6868, 6869, 6870, 6871, 6872, 6873, 6874, 6875, 6876, 6877, 6878, 6879, 6880, 6881, 6882, 6883, 6884, 6885, 6886, 6887, 6888, 6889, 6890, 6891, 6892, 6893, 6894, 6895, 6896, 6897, 6898, 6899, 6900, 6901, 6902, 6903, 6904, 6905, 6906, 6907, 6908, 6909, 6910, 6911, 6912, 6913, 6914, 6915, 6916, 6917, 6918, 6919, 6920, 6921, 6922, 6923, 6924, 6925, 6926, 6927, 6928, 6929, 6930, 6931, 6932, 6933, 6934, 6935, 6936, 6937, 6938, 6939, 6940, 6941, 6942, 6943, 6944, 6945, 6946, 6947, 6948, 6949, 6950, 6951, 6952, 6953, 6954, 6955, 6956, 6957, 6958, 6959, 6960, 6961, 6962, 6963, 6964, 6965, 6966, 6967, 6968, 6969, 6970, 6971, 6972, 6973, 6974, 6975, 6976, 6977, 6978, 6979, 6980, 6981, 6982, 6983, 6984, 6985, 6986, 6987, 6988, 6989, 6990, 6991, 6992, 6993, 6994, 6995, 6996, 6997, 6998, 6999, 7000, 7001, 7002, 7003, 7004, 7005, 7006, 7007, 7008, 7009, 7010, 7011, 7012, 7013, 7014, 7015, 7016, 7017, 7018, 7019, 7020, 7021, 7022, 7023, 7024, 7025, 7026, 7027, 7028, 7029, 7030, 7031, 7032, 7033, 7034, 7035, 7036, 7037, 7038, 7039, 7040, 7041, 7042, 7043, 7044, 7045, 7046, 7047, 7048, 7049, 7050, 7051, 7052, 7053, 7054, 7055, 7056, 7057, 7058, 7059, 7060, 7061, 7062, 7063, 7064, 7065, 7066, 7067, 7068, 7069, 7070, 7071, 7072, 7073, 7074, 7075, 7076, 7077, 7078, 7079, 7080, 7081, 7082, 7083, 7084, 7085, 7086, 7087, 7088, 7089, 7090, 7091, 7092, 7093, 7094, 7095, 7096, 7097, 7098, 7099, 7100, 7101, 7102, 7103, 7104, 7105, 7106, 7107, 7108, 7109, 7110, 7111, 7112, 7113, 7114, 7115, 7116, 7117, 7118, 7119, 7120, 7121, 7122, 7123, 7124, 7125, 7126, 7127, 7128, 7129, 7130, 7131, 7132, 7133, 7134, 7135, 7136, 7137, 7138, 7139, 7140, 7141, 7142, 7143, 7144, 7145, 7146, 7147, 7148, 7149, 7150, 7151, 7152, 7153, 7154, 7155, 7156, 7157, 7158, 7159, 7160, 7161, 7162, 7163, 7164, 7165, 7166, 7167, 7168, 7169, 7170, 7171, 7172, 7173, 7174, 7175, 7176, 7177, 7178, 7179, 7180, 7181, 7182, 7183, 7184, 7185, 7186, 7187, 7188, 7189, 7190, 7191, 7192, 7193, 7194, 7195, 7196, 7197, 7198, 7199, 7200, 7201, 7202, 7203, 7204, 7715, 7716, 7717, 7718, 7719, 7720, 7721, 7722, 7723, 7724, 7725, 7726, 7727, 7728, 7729, 7730, 7731, 7732, 7733, 7734, 7735, 7736, 7737, 7738, 7739, 7740, 7741, 7742, 7743, 7744, 7745, 7746, 7747, 7748, 7749, 7750, 7751, 7752, 7753, 7754, 7755, 7756, 7757, 7758, 7759, 7760, 7761, 7762, 7763, 7764, 7765, 7766, 7767, 7768, 7769, 7770, 7771, 7772, 7773, 7774, 7775, 7776, 7777, 7778, 7779, 7780, 7781, 7782, 7783, 7784, 7785, 7786, 7787, 7788, 7789, 7790, 7791, 7792, 7793, 7794, 7795, 7796, 7797, 7798, 7799, 7800, 7801, 7802, 7803, 7804, 7805, 7806, 7807, 7808, 7809, 7810, 7811, 7812, 7813, 7814, 7815, 7816, 7817, 7818, 7819, 7820, 7821, 7822, 7823, 7824, 7825, 7826, 7827, 7828, 7829, 7830, 7831, 7832, 7833, 7834, 7835, 7836, 7837, 7838, 7839, 7840, 7841, 7842, 7843, 7844, 7845, 7846, 7847, 7848, 7849, 7850, 7851, 7852, 7853, 7854, 7855, 7856, 7857, 7858, 7859, 7860, 7861, 7862, 7863, 7864, 7865, 7866, 7867, 7868, 7869, 7870, 7871, 7872, 7873, 7874, 7875, 7876, 7877, 7878, 7879, 7880, 7881, 7882, 7883, 7884, 7885, 7886, 7887, 7888, 7889, 7890, 7891, 7892, 7893, 7894, 7895, 7896, 7897, 7898, 7899, 7900, 7901, 7902, 7903, 7904, 7905, 7906, 7907, 7908, 7909, 7910, 7911, 7912, 7913, 7914, 7915, 7916, 7917, 7918, 7919, 7920, 7921, 7922, 7923, 7924, 7925, 7926, 7927, 7928, 7929, 7930, 7931, 7932, 7933, 7934, 7935, 7936, 7937, 7938, 7939, 7940, 7941, 7942, 7943, 7944, 7945, 7946, 7947, 7948, 7949, 7950, 7951, 7952, 7953, 7954, 7955, 7956, 7957, 7958, 7959, 7960, 7961, 7962, 7963, 7964, 7965, 7966, 7967, 7968, 7969, 7970, 7971, 7972, 7973, 7974, 7975, 7976, 7977, 7978, 7979, 7980, 7981, 7982, 7983, 7984, 7985, 7986, 7987, 7988, 7989, 7990, 7991, 7992, 7993, 7994, 7995, 7996, 7997, 7998, 7999, 8000, 8001, 8002, 8003, 8004, 8005, 8006, 8007, 8008, 8009, 8010, 8011, 8012, 8013, 8014, 8015, 8016, 8017, 8018, 8019, 8020, 8021, 8022, 8023, 8024, 8025, 8026, 8027, 8028, 8029, 8030, 8031, 8032, 8033, 8034, 8035, 8036, 8037, 8038, 8039, 8040, 8041, 8042, 8043, 8044, 8045, 8046, 8047, 8048, 8049, 8050, 8051, 8052, 8053, 8054, 8055, 8056, 8057, 8058, 8059, 8060, 8061, 8062, 8063, 8064, 8065, 8066, 8067, 8068, 8069, 8070, 8071, 8072, 8073, 8074, 8075, 8076, 8077, 8078, 8079, 8080, 8081, 8082, 8083, 8084, 8085, 8086, 8087, 8088, 8089, 8090, 8091, 8092, 8093, 8094, 8095, 8096, 8097, 8098, 8099, 8100, 8101, 8102, 8103, 8104, 8105, 8106, 8107, 8108, 8109, 8110, 8111, 8112, 8113, 8114, 8115, 8116, 8117, 8118, 8119, 8120, 8121, 8122, 8123, 8124, 8125, 8126, 8127, 8128, 8129, 8130, 8131, 8132, 8133, 8134, 8135, 8136, 8137, 8138, 8139, 8140, 8141, 8142, 8143, 8144, 8145, 8146, 8147, 8148, 8149, 8150, 8151, 8152, 8153, 8154, 8155, 8156, 8157, 8158, 8159, 8160, 8161, 8162, 8163, 8164, 8165, 8166, 8167, 8168, 8169, 8170, 8171, 8172, 8173, 8174, 8175, 8176, 8177, 8178, 8179, 8180, 8181, 8182, 8183, 8184, 8185, 8186, 8187, 8188, 8189, 8190, 8191, 8192, 8193, 8194, 8195, 8196, 8197, 8198, 8199, 8200, 8201, 8202, 8203, 8204, 8205, 8206, 8207, 8208, 8209, 8210, 8211, 8212, 8213, 8214, 8215, 8216, 8217, 8218, 8219, 8220, 8221, 8222, 8223, 8224, 8246, 8247, 8248, 8249, 8250, 8251, 8252, 8253, 8254, 8255, 8256, 8257, 8258, 8259, 8260, 8281, 8282, 8283, 8284, 8285, 8286, 8287, 8288, 8289, 8290, 8291, 8292, 8293, 8294, 8295, 8296, 8297, 8298, 8299, 8300, 8313, 8314, 8315, 8316, 8317, 8318, 8319, 8320, 8321, 8322, 8323, 8324, 8341, 8342, 8343, 8344, 8345, 8346, 8347, 8348, 8349, 8350, 8351, 8352, 8353, 8354, 8355, 8356, 8377, 8378, 8379, 8380, 8381, 8382, 8383, 8384, 8385, 8386, 8387, 8388, 8389, 8390, 8391, 8392, 8393, 8394, 8395, 8396, 8409, 8410, 8411, 8412, 8413, 8414, 8415, 8416, 8417, 8418, 8419, 8420, 8437, 8438, 8439, 8440, 8441, 8442, 8443, 8444, 8445, 8446, 8447, 8448, 8449, 8450, 8451, 8452]	[608, 607, 606, 582, 581, 560, 554, 548, 542, 538, 537, 536, 514, 498, 497, 496, 495, 466, 465, 464, 463, 434, 433, 432, 431, 414, 413, 382, 381, 380, 379, 378, 377, 376, 368, 367, 366, 365, 364, 363, 362, 361, 360, 359, 358, 357, 341, 333, 325, 317, 309, 301, 288, 287, 284, 278, 277, 262, 261, 260, 259, 254, 253, 252, 251, 246, 245, 244, 243, 238, 236, 234, 220, 219, 218, 217, 200, 198, 196, 194, 192, 178, 172, 168, 167, 164, 163, 160, 159, 158, 157, 156, 155, 154, 153, 152, 151, 150, 149, 148, 147, 146, 145, 144, 143, 142, 141, 140, 139, 138, 137, 136, 135, 134, 133, 132, 131, 130, 129, 128, 127, 126, 125, 124, 123, 122, 121, 120, 119, 118, 117, 116, 115, 114, 113, 112, 111, 110, 109, 108, 107, 106, 105, 104, 103, 102, 101, 100, 99, 98, 97, 96, 95, 94, 93, 92, 91, 90, 89, 8, 7]
36	codeine	25	43	56	538	"['Hasselstrom1997', 'Ammon2002', 'Chen1991', 'He2008', 'Kim2002', 'Kirchner2007', 'Kronstrand2001', 'Lia2009', 'Lafolie1996', 'Loetsch2006', 'Mikus1997', 'Mitchell1991', 'Mohammed1993', 'Molanaei2010', ""O'Neal1999"", 'Shah1990', 'Yue1991B', 'Shord2009', 'Somogyi1991', 'Wu2014', 'Sindrup1996', 'Yue1999', 'Vree1992', 'Yue1991', 'Wu2013']"	[524, 526, 406, 412, 420, 421, 422, 423, 424, 425, 426, 428, 432, 434, 436, 438, 440, 442, 444, 446, 448, 452, 460, 462, 466, 468, 470, 472, 476, 492, 494, 496, 498, 502, 514, 515, 516, 517, 518, 519, 520, 521, 522]	[8461, 8462, 8477, 8478, 8493, 8494, 8508, 8546, 8560, 8576, 8594, 8667, 8668, 8669, 8670, 8671, 8672, 8673, 8674, 8675, 8676, 8677, 8678, 8679, 8680, 8681, 8682, 8683, 8684, 8685, 8686, 8687, 8688, 8689, 8690, 8691, 8692, 8693, 8694, 8695, 8696, 8697, 8698, 8699, 8700, 8701, 8702, 8703, 8704, 8705, 8706, 8707, 8708, 8709, 8710, 8711, 8712, 8713, 8714, 8715, 8716, 8717, 8718, 8719, 8720, 8721, 8722, 8723, 8724, 8725, 8726, 8727, 8728, 8729, 8730, 8795, 8796, 8797, 8798, 8799, 8800, 8801, 8802, 8803, 8804, 8805, 8806, 8807, 8808, 8809, 8810, 8811, 8812, 8813, 8814, 8815, 8816, 8817, 8818, 8819, 8820, 8821, 8822, 8823, 8824, 8825, 8826, 8827, 8828, 8829, 8830, 8831, 8832, 8833, 8834, 8835, 8836, 8837, 8838, 8839, 8840, 8841, 8842, 8843, 8844, 8845, 8846, 8847, 8848, 8849, 8850, 8851, 8852, 8853, 8854, 8855, 8856, 8857, 8858, 9075, 9076, 9077, 9078, 9079, 9080, 9081, 9082, 9187, 9188, 9189, 9190, 9191, 9192, 9193, 9194, 9263, 9271, 9313, 9314, 9315, 9316, 9321, 9322, 9323, 9324, 9329, 9330, 9331, 9332, 9337, 9338, 9339, 9340, 9341, 9342, 9399, 9400, 9401, 9402, 9403, 9404, 9405, 9406, 9407, 9408, 9409, 9410, 9411, 9463, 9464, 9465, 9466, 9467, 9468, 9501, 9502, 9503, 9504, 9505, 9506, 9507, 9508, 9509, 9510, 9511, 9512, 9513, 9514, 9515, 9516, 9517, 9518, 9519, 9520, 9521, 9522, 9523, 9524, 9525, 9526, 9545, 9546, 9547, 9548, 9549, 9550, 9563, 9564, 9565, 9566, 9567, 9568, 9601, 9602, 9603, 9604, 9614, 9615, 9616, 9617, 9695, 9696, 9697, 9698, 9699, 9700, 9701, 9702, 9703, 9704, 9705, 9706, 9707, 9708, 9709, 9710, 9711, 9797, 9798, 9799, 9800, 9801, 9802, 9803, 9804, 9805, 9806, 9807, 9808, 9809, 9810, 9811, 9812, 9813, 9841, 9842, 9843, 9844, 9845, 9846, 9847, 9848, 9849, 9850, 9876, 9880, 9987, 9988, 9989, 9990, 9991, 9992, 9993, 9994, 10019, 10020, 10021, 10022, 10023, 10024, 10025, 10026, 10043, 10044, 10045, 10046, 10047, 10048, 10049, 10050, 10075, 10076, 10077, 10078, 10079, 10080, 10081, 10082, 10083, 10084, 10085, 10086, 10087, 10088, 10089, 10090, 10103, 10106, 10109, 10113, 10114, 10163, 10164, 10165, 10166, 10167, 10168, 10169, 10170, 10187, 10188, 10189, 10190, 10191, 10192, 10193, 10194, 10214, 10305, 10306, 10307, 10308, 10309, 10310, 10311, 10312, 10369, 10370, 10371, 10372, 10373, 10374, 10375, 10376, 10404, 10412, 10443, 10444, 10445, 10446, 10447, 10448, 10449, 10489, 10490, 10491, 10492, 10493, 10494, 10495, 10496, 10497, 10498, 10499, 10500, 10501, 10502, 10503, 10504, 10505, 10506, 10641, 10642, 10643, 10644, 10665, 10666, 10667, 10668, 10669, 10694, 10829, 10830, 10831, 10832, 10833, 10834, 10835, 10836, 10837, 10838, 10839, 10840, 10841, 10842, 10843, 10844, 10845, 10846, 10847, 10848, 10849, 10850, 10851, 10852, 10853, 10854, 10855, 10856, 10857, 10858, 10859, 10860, 10861, 10862, 10863, 10864, 10865, 10866, 10867, 10868, 10869, 10870, 10871, 10872, 10873, 10874, 10875, 10876, 10877, 10878, 10879, 10880, 10881, 10882, 10883, 10884, 10885, 10886, 10887, 10888, 10889, 10890, 10891, 10892, 10893, 10894, 10895, 10896, 10897, 10898, 10899, 10900, 10901, 10902, 10903, 10904, 10905, 10906, 10907, 10908, 10909, 10910, 10911, 10912, 10913, 10914, 10915, 10916, 10917, 10918, 10919, 10920, 10921, 10922, 10923, 10924, 10925, 10926, 10945, 10946, 10947, 10948, 10949, 10950, 10951, 10952, 10953, 10954, 10955, 10956, 10957, 10958, 10995, 11004, 11013, 11022, 11111, 11112, 11127, 11128, 11143, 11144, 11159, 11160, 11175, 11176, 11271, 11272, 11287, 11288, 11303, 11304, 11319, 11320, 11335, 11336, 11369]	[1126, 1120, 1103, 1096, 1091, 1087, 1083, 1070, 1059, 1058, 1045, 1044, 1034, 1033, 1030, 1028, 1027, 974, 973, 970, 969, 903, 902, 901, 900, 899, 898, 897, 896, 895, 894, 893, 771, 770, 769, 768, 767, 766, 765, 764, 763, 762, 761, 693, 688, 666, 665, 664, 652, 651, 650, 649, 635, 631, 614, 613]
108	glucose	18	13	126	66	['Fery1993', 'Israelian2006', 'Calbet2002', 'Ferrannini1979', 'Kjems2001', 'Degn2004', 'Bergman1991', 'Felig1969', 'Ferrannini1988', 'Firth1986', 'Hovorka2002', 'Butler1991', 'Basu2009', 'Jones1998', 'Henkel2005', 'Knop2007', 'Yang2015', 'Thomaseth2008']	[532, 536, 548, 550, 552, 554, 556, 560, 578, 582, 588, 598, 600]	[11850, 11849, 11848, 11847, 11846, 11845, 11844, 11843, 11842, 11841, 11840, 11839, 11838, 11837, 11836, 11835, 11834, 11833, 11832, 11831, 11830, 11829, 11828, 11827, 11826, 11825, 11824, 11823, 11822, 11821, 11466, 11465, 11464, 11463, 11462, 11461, 11460, 11459, 11458, 11457, 11456, 11455, 11454, 11453, 11452, 11451, 11450, 11449, 11448, 11447, 11446, 11445, 11444, 11443, 11442, 11441, 11440, 11439, 11438, 11437, 11436, 11435, 11434, 11433, 11432, 11431]	[1758, 1757, 1756, 1755, 1754, 1753, 1734, 1733, 1730, 1729, 1712, 1711, 1710, 1709, 1708, 1707, 1706, 1705, 1704, 1703, 1702, 1701, 1700, 1699, 1698, 1697, 1696, 1695, 1694, 1693, 1684, 1683, 1682, 1681, 1642, 1628, 1576, 1575, 1564, 1563, 1544, 1543, 1500, 1499, 1498, 1497, 1462, 1461, 1453, 1442, 1441, 1440, 1430, 1429, 1426, 1425, 1424, 1423, 1422, 1421, 1414, 1413, 1412, 1411, 1400, 1399, 1390, 1389, 1388, 1387, 1386, 1385, 1384, 1383, 1382, 1381, 1380, 1379, 1378, 1377, 1376, 1345, 1344, 1343, 1324, 1323, 1322, 1321, 1316, 1315, 1314, 1313, 1312, 1311, 1302, 1301, 1293, 1288, 1287, 1250, 1249, 1239, 1222, 1221, 1220, 1204, 1203, 1202, 1201, 1200, 1199, 1186, 1185, 1184, 1170, 1169, 1168, 1167, 1158, 1157, 1156, 1152, 1151, 1150, 1143, 1135]
114	insulin	17	1	57	18	['Fery1993', 'Israelian2006', 'Calbet2002', 'Ferrannini1979', 'Kjems2001', 'Degn2004', 'Bergman1991', 'Felig1969', 'Ferrannini1988', 'Firth1986', 'Hovorka2002', 'Butler1991', 'Basu2009', 'Henkel2005', 'Knop2007', 'Yang2015', 'Thomaseth2008']	[564]	[11484, 11483, 11482, 11481, 11480, 11479, 11478, 11477, 11476, 11475, 11474, 11473, 11472, 11471, 11470, 11469, 11468, 11467]	[1764, 1763, 1762, 1761, 1760, 1759, 1732, 1731, 1688, 1687, 1686, 1685, 1643, 1629, 1578, 1577, 1566, 1565, 1556, 1555, 1554, 1553, 1546, 1545, 1472, 1471, 1464, 1463, 1454, 1445, 1444, 1443, 1402, 1401, 1348, 1347, 1346, 1304, 1303, 1296, 1294, 1290, 1289, 1262, 1261, 1258, 1257, 1241, 1189, 1188, 1187, 1174, 1173, 1172, 1171, 1144, 1136]
3	paraxanthine	10	3	46	132	['Carrillo2000a', 'Spigset1999a', 'Lelo1986a', 'Benowitz1995', 'McLean2002', 'Hetzler1990', 'Test243', 'Culm-Merdek2005', 'Healy1991', 'Koch1999']	[40, 42, 298]	[317, 318, 319, 320, 321, 322, 323, 324, 385, 386, 387, 388, 389, 390, 391, 392, 2130, 2132, 2134, 2136, 3417, 3418, 4218, 4220, 4222, 4224, 4226, 4228, 4230, 4232, 4234, 4236, 4238, 4240, 4242, 4244, 4246, 4248, 4250, 4252, 4254, 4256, 4258, 4260, 4262, 4264, 4266, 4268, 4270, 4272, 4274, 4276, 4278, 4280, 4282, 4284, 4286, 4288, 4300, 4302, 4304, 4306, 4318, 4320, 4322, 4324, 4336, 4338, 4340, 4342, 4354, 4356, 4358, 4360, 4372, 4374, 4376, 4378, 4390, 4392, 4394, 4396, 4408, 4410, 4412, 4414, 4424, 4426, 4428, 4430, 4442, 4444, 4446, 4448, 4470, 4471, 4472, 4490, 4491, 4492, 4516, 4517, 4518, 4520, 4524, 4525, 4526, 4528, 4617, 4618, 4619, 4620, 4621, 4622, 4623, 4624, 4625, 4626, 4882, 4888, 4928, 4932, 4936, 4940, 4944, 4948, 6004, 6005, 6006, 6010, 6011, 6012]	[584, 583, 561, 555, 549, 543, 515, 502, 501, 500, 499, 470, 469, 468, 467, 438, 437, 436, 435, 396, 395, 394, 393, 392, 391, 390, 342, 334, 326, 318, 310, 302, 292, 291, 280, 279, 224, 223, 222, 221, 184, 182, 179, 173, 10, 9]
120	glucagon	8	0	28	0	['Israelian2006', 'Calbet2002', 'Degn2004', 'Firth1986', 'Butler1991', 'Basu2009', 'Henkel2005', 'Knop2007']	[]	[]	[1692, 1691, 1690, 1689, 1644, 1630, 1588, 1587, 1586, 1585, 1482, 1481, 1448, 1447, 1446, 1406, 1405, 1354, 1353, 1352, 1266, 1265, 1242, 1192, 1191, 1190, 1146, 1138]
115	c-peptide	7	5	24	153	['Israelian2006', 'Kjems2001', 'Firth1986', 'Basu2009', 'Polonsky1986', 'Knop2007', 'Zavaroni1987']	[596, 594, 593, 590, 576]	[11778, 11777, 11776, 11775, 11774, 11773, 11772, 11771, 11770, 11769, 11768, 11767, 11766, 11765, 11764, 11763, 11762, 11761, 11760, 11759, 11758, 11757, 11756, 11755, 11754, 11753, 11752, 11751, 11750, 11749, 11748, 11747, 11746, 11745, 11744, 11743, 11742, 11741, 11740, 11688, 11687, 11686, 11685, 11684, 11683, 11682, 11681, 11680, 11679, 11678, 11677, 11676, 11675, 11674, 11673, 11672, 11671, 11670, 11669, 11668, 11667, 11666, 11665, 11664, 11663, 11662, 11661, 11660, 11659, 11658, 11657, 11656, 11655, 11654, 11653, 11652, 11651, 11650, 11649, 11648, 11647, 11646, 11645, 11644, 11643, 11642, 11641, 11640, 11639, 11638, 11586, 11585, 11584, 11583, 11582, 11581, 11580, 11579, 11578, 11577, 11576, 11575, 11574, 11573, 11572, 11571, 11570, 11569, 11568, 11567, 11566, 11565, 11564, 11563, 11562, 11561, 11560, 11559, 11558, 11557, 11556, 11555, 11554, 11553, 11552, 11551, 11550, 11549, 11548, 11547, 11546, 11545, 11544, 11543, 11542, 11541, 11540, 11539, 11538, 11537, 11536, 11790, 11789, 11788, 11787, 11786, 11785, 11784, 11783, 11782, 11781, 11780, 11779]	[1722, 1720, 1719, 1716, 1715, 1580, 1579, 1568, 1567, 1548, 1547, 1536, 1535, 1468, 1467, 1404, 1403, 1351, 1350, 1349, 1260, 1259, 1145, 1137]
48	debrisoquine	4	4	0	0	['Hasselstrom1997', 'Yue1991B', 'Yue1999', 'Yue1991']	[528, 430, 500, 504]	[]	[]
87	FFA	3	0	6	10	['Hetzler1990', 'Israelian2006', 'Calbet2002']	[]	[4596, 4595, 4594, 4593, 4592, 4591, 4590, 4589, 4588, 4587]	[1492, 1491, 1357, 1356, 1355, 1240]
118	cortisol	3	0	10	0	['Israelian2006', 'Degn2004', 'Jones1998']	[]	[]	[1646, 1632, 1530, 1529, 1524, 1523, 1488, 1487, 1276, 1275]
119	growth hormone	3	0	10	0	['Israelian2006', 'Degn2004', 'Jones1998']	[]	[]	[1647, 1633, 1532, 1531, 1526, 1525, 1484, 1483, 1282, 1281]
116	epinephrine	3	0	10	0	['Israelian2006', 'Degn2004', 'Jones1998']	[]	[]	[1645, 1631, 1508, 1507, 1506, 1505, 1486, 1485, 1280, 1279]
32	quinolone	3	0	0	0	['Barnet1990', 'Carbo1989', 'Healy1991']	[]	[]	[]
5	theophylline	3	1	22	18	['Lelo1986a', 'McLean2002', 'Culm-Merdek2005']	[300]	[4950, 4946, 4942, 4938, 4934, 4930, 4889, 4884, 3420, 3419, 340, 339, 338, 337, 336, 335, 334, 333]	[510, 509, 508, 507, 478, 477, 476, 475, 446, 445, 444, 443, 344, 336, 328, 320, 312, 304, 228, 227, 226, 225]
4	theobromine	3	1	22	18	['Lelo1986a', 'McLean2002', 'Culm-Merdek2005']	[302]	[4949, 4945, 4941, 4937, 4933, 4929, 4890, 4883, 3422, 3421, 356, 355, 354, 353, 352, 351, 350, 349]	[506, 505, 504, 503, 474, 473, 472, 471, 442, 441, 440, 439, 343, 335, 327, 319, 311, 303, 232, 231, 230, 229]
91	midazolam	2	4	3	11	['Ghassabian2009', 'Oh2012']	[112, 308, 340, 394]	[3896, 3895, 3894, 3893, 3892, 3891, 3890, 3889, 3888, 3887, 3886]	[594, 593, 531]
95	omeprazole	2	3	3	0	['Ghassabian2009', 'Oh2012']	[106, 338, 390]	[]	[598, 597, 523]
98	dextromethorphan	2	2	1	0	['Ghassabian2009', 'Oh2012']	[110, 339]	[]	[527]
93	losartan	2	2	1	0	['Ghassabian2009', 'Oh2012']	[108, 337]	[]	[519]
75	antipyrine	2	2	0	20	['Murphy1988', 'George1986']	[102, 320]	[5470, 5469, 5468, 5467, 5466, 5465, 5464, 5463, 3750, 3749, 3748, 3747, 3746, 3745, 3744, 3743, 3742, 3741, 3740, 3739]	[]
117	norepinephrine	2	0	8	0	['Degn2004', 'Jones1998']	[]	[]	[1648, 1634, 1528, 1527, 1522, 1521, 1278, 1277]
59	tizanidine	2	0	0	0	['Backman2008', 'Granfors2005']	[]	[]	[]
67	pipemidic acid	2	10	0	0	['Barnet1990', 'Carbo1989']	[24, 72, 139, 140, 141, 142, 213, 214, 215, 216]	[]	[]
68	norfloxacin	2	10	0	0	['Barnet1990', 'Carbo1989']	[26, 70, 131, 132, 133, 134, 205, 206, 207, 208]	[]	[]
58	6-hydroxychlorzoxazone	1	0	0	6	['Benowitz2003']	[]	[2298, 2297, 2294, 2293, 2290, 2289]	[]
57	chlorzoxazone	1	1	3	42	['Benowitz2003']	[46]	[2286, 2285, 2284, 2283, 2282, 2276, 2275, 2274, 2273, 2272, 2266, 2265, 2264, 2263, 2262, 2190, 2189, 2188, 2187, 2186, 2185, 2184, 2183, 2182, 2172, 2171, 2170, 2169, 2168, 2167, 2166, 2165, 2164, 2154, 2153, 2152, 2151, 2150, 2149, 2148, 2147, 2146]	[190, 188, 186]
85	diclofenac	1	2	0	0	['Ammon2002']	[408, 410]	[]	[]
86	glycerol	1	0	0	10	['Hetzler1990']	[]	[4606, 4605, 4604, 4603, 4602, 4601, 4600, 4599, 4598, 4597]	[]
88	carbamazepine	1	0	0	0	['Magnusson2008']	[]	[]	[]
61	ephedrine	1	0	0	0	['Haller2002']	[]	[]	[]
47	quinidine	1	1	0	34	['Sindrup1996']	[474]	[9796, 9795, 9794, 9793, 9792, 9791, 9790, 9789, 9788, 9787, 9786, 9785, 9784, 9783, 9782, 9781, 9780, 9694, 9693, 9692, 9691, 9690, 9689, 9688, 9687, 9686, 9685, 9684, 9683, 9682, 9681, 9680, 9679, 9678]	[]
62	pseudoephedrine	1	0	0	0	['Haller2002']	[]	[]	[]
1	acetaminophen	1	7	0	0	['Somogyi1991']	[484, 485, 486, 487, 488, 489, 490]	[]	[]
70	fluvoxamine	1	5	2	0	['Jeppesen1996']	[87, 88, 89, 90, 282]	[]	[282, 281]
0	indocyanogreen	1	1	0	3	['Wang1985']	[398]	[8230, 8229, 8228]	[]
73	lomefloxacin	1	1	0	4	['Healy1991']	[276]	[4536, 4534, 4533, 4532]	[]
101	clozapine	1	0	0	0	['Ghassabian2009']	[]	[]	[]
127	GLP-1	1	0	8	0	['Knop2007']	[]	[]	[1620, 1619, 1618, 1617, 1604, 1603, 1602, 1601]
104	sparteine	1	1	0	0	['Mikus1997']	[454]	[]	[]
126	GIP	1	0	8	0	['Knop2007']	[]	[]	[1616, 1615, 1614, 1613, 1600, 1599, 1598, 1597]
30	naringenin	1	0	0	0	['Fuhr1993a']	[]	[]	[]
125	exenatide	1	1	2	0	['Degn2004']	[546]	[]	[1246, 1245]
28	cimetidine	1	1	0	0	['May1982']	[314]	[]	[]
124	BCAA	0	0	0	0	[]	[]	[]	[]
121	TAA	0	0	0	0	[]	[]	[]	[]
82	normorphine	0	0	25	44	[]	[]	[11374, 11348, 11347, 11332, 11331, 11316, 11315, 11300, 11299, 11284, 11283, 11188, 11187, 11172, 11171, 11156, 11155, 11140, 11139, 11124, 11123, 11029, 11020, 11011, 11002, 10700, 10410, 10360, 10359, 10358, 10357, 10356, 10355, 10354, 10353, 9276, 9268, 8601, 8583, 8566, 8552, 8538, 8526, 8514]	[1130, 1125, 1108, 954, 953, 952, 951, 950, 949, 948, 826, 825, 824, 823, 822, 821, 820, 819, 818, 817, 816, 958, 957, 956, 955]
122	EAA	0	0	0	0	[]	[]	[]	[]
123	NEAA	0	0	0	0	[]	[]	[]	[]
81	morphine-6-glucuronide	0	0	42	110	[]	[]	[8467, 8468, 8483, 8484, 8499, 8500, 8513, 8525, 8537, 8551, 8565, 8582, 8600, 9107, 9108, 9109, 9110, 9111, 9112, 9113, 9114, 9219, 9220, 9221, 9222, 9223, 9224, 9225, 9226, 9266, 9274, 9535, 9538, 10011, 10012, 10013, 10014, 10015, 10016, 10017, 10018, 10067, 10068, 10069, 10070, 10071, 10072, 10073, 10074, 10112, 10345, 10346, 10347, 10348, 10349, 10350, 10351, 10352, 10409, 10464, 10465, 10466, 10467, 10468, 10469, 10470, 10597, 10598, 10599, 10600, 10601, 10602, 10603, 10604, 10605, 10606, 10607, 10608, 10609, 10610, 10611, 10612, 10613, 10614, 10699, 11000, 11009, 11018, 11027, 11121, 11122, 11137, 11138, 11153, 11154, 11169, 11170, 11185, 11186, 11281, 11282, 11297, 11298, 11313, 11314, 11329, 11330, 11345, 11346, 11372]	[1129, 1124, 1107, 1094, 1090, 1086, 1069, 1051, 1020, 1017, 1014, 1011, 1008, 1005, 1002, 947, 946, 945, 944, 943, 942, 941, 940, 939, 938, 937, 815, 814, 813, 812, 811, 810, 809, 808, 807, 806, 805, 684, 683, 682, 628, 627]
79	morphine	0	2	40	165	[]	[450, 458]	[8465, 8466, 8481, 8482, 8497, 8498, 8511, 8522, 8534, 8549, 8563, 8580, 8598, 9091, 9092, 9093, 9094, 9095, 9096, 9097, 9098, 9203, 9204, 9205, 9206, 9207, 9208, 9209, 9210, 9267, 9275, 9412, 9413, 9414, 9415, 9416, 9417, 9418, 9419, 9420, 9421, 9422, 9423, 9424, 9469, 9470, 9471, 9472, 9473, 9474, 9569, 9570, 9571, 9572, 9573, 9574, 9605, 9606, 9607, 9618, 9619, 9620, 9712, 9713, 9714, 9715, 9716, 9717, 9718, 9719, 9720, 9721, 9722, 9723, 9724, 9725, 9726, 9727, 9728, 9814, 9815, 9816, 9817, 9818, 9819, 9820, 9821, 9822, 9823, 9824, 9825, 9826, 9827, 9828, 9829, 9830, 9860, 9864, 9877, 9881, 10329, 10330, 10331, 10332, 10333, 10334, 10335, 10336, 10407, 10450, 10451, 10452, 10453, 10454, 10455, 10456, 10525, 10526, 10527, 10528, 10529, 10530, 10531, 10532, 10533, 10534, 10535, 10536, 10537, 10538, 10539, 10540, 10541, 10542, 10675, 10676, 10677, 10678, 10679, 10701, 11001, 11010, 11019, 11028, 11125, 11126, 11141, 11142, 11157, 11158, 11173, 11174, 11189, 11190, 11285, 11286, 11301, 11302, 11317, 11318, 11333, 11334, 11349, 11350, 11373]	[1122, 1105, 1092, 1088, 1084, 1067, 1048, 966, 965, 964, 963, 936, 935, 934, 933, 932, 931, 930, 929, 928, 927, 926, 804, 803, 802, 801, 800, 799, 798, 797, 796, 795, 794, 694, 689, 672, 671, 670, 624, 623]
80	morphine-3-glucuronide	0	0	23	152	[]	[]	[8512, 8524, 8536, 8550, 8564, 8581, 8599, 9099, 9100, 9101, 9102, 9103, 9104, 9105, 9106, 9211, 9212, 9213, 9214, 9215, 9216, 9217, 9218, 9265, 9273, 9534, 9537, 9608, 9609, 9610, 9611, 9612, 9613, 9621, 9622, 9623, 9624, 9625, 9626, 10003, 10004, 10005, 10006, 10007, 10008, 10009, 10010, 10035, 10036, 10037, 10038, 10039, 10040, 10041, 10042, 10059, 10060, 10061, 10062, 10063, 10064, 10065, 10066, 10105, 10108, 10111, 10179, 10180, 10181, 10182, 10183, 10184, 10185, 10186, 10203, 10204, 10205, 10206, 10207, 10208, 10209, 10210, 10216, 10337, 10338, 10339, 10340, 10341, 10342, 10343, 10344, 10385, 10386, 10387, 10388, 10389, 10390, 10391, 10392, 10408, 10414, 10457, 10458, 10459, 10460, 10461, 10462, 10463, 10561, 10562, 10563, 10564, 10565, 10566, 10567, 10568, 10569, 10570, 10571, 10572, 10573, 10574, 10575, 10576, 10577, 10578, 10698, 10999, 11008, 11017, 11026, 11119, 11120, 11135, 11136, 11151, 11152, 11167, 11168, 11183, 11184, 11279, 11280, 11295, 11296, 11311, 11312, 11327, 11328, 11343, 11344, 11371]	[1128, 1123, 1106, 1093, 1089, 1085, 1068, 1050, 1049, 1024, 1022, 1019, 1016, 1013, 1010, 1007, 1004, 1001, 678, 677, 676, 626, 625]
112	[U-13C]glucose	0	0	1	0	[]	[]	[]	[1455]
78	indocyanine green	0	0	0	0	[]	[]	[]	[]
77	phenylalanine	0	0	0	0	[]	[]	[]	[]
76	bromsulpthalein	0	0	0	0	[]	[]	[]	[]
113	[3-OMG]glucose	0	0	1	0	[]	[]	[]	[1456]
84	norcodeine-conjugates	0	0	0	16	[]	[]	[9242, 9241, 9240, 9239, 9238, 9237, 9236, 9235, 9130, 9129, 9128, 9127, 9126, 9125, 9124, 9123]	[]
83	normorphine-glucuronide	0	0	0	2	[]	[]	[8602, 8584]	[]
105	sparteine/(2-dehydrosparteine+5-dehydrosparteine)	0	0	0	0	[]	[]	[]	[]
99	dextrorphan	0	0	1	0	[]	[]	[]	[528]
103	hydrogen	0	0	0	2	[]	[]	[11368, 11367]	[]
97	5-hydroxyomeprazole/omeprazole	0	0	0	11	[]	[]	[3885, 3884, 3883, 3882, 3881, 3880, 3879, 3878, 3877, 3876, 3875]	[]
96	5-hydroxyomeprazole	0	0	1	0	[]	[]	[]	[524]
94	exp3174	0	0	1	0	[]	[]	[]	[520]
92	1-hydroxymidazolam	0	0	1	0	[]	[]	[]	[532]
106	sulfasalazine	0	1	0	0	[]	[456]	[]	[]
102	carbon monoxide	0	0	0	0	[]	[]	[]	[]
90	warfarin	0	1	2	0	[]	[388]	[]	[602, 601]
89	metropolol	0	1	2	0	[]	[392]	[]	[590, 589]
107	sulfapyridine	0	0	0	0	[]	[]	[]	[]
109	lactate	0	0	3	0	[]	[]	[]	[1360, 1359, 1358]
110	[2-3H]glucose	0	0	6	0	[]	[]	[]	[1231, 1230, 1229, 1213, 1212, 1211]
111	[6-3H]glucose	0	0	6	0	[]	[]	[]	[1234, 1233, 1232, 1216, 1215, 1214]
100	digoxin	0	1	0	0	[]	[310]	[]	[]
64	aspirin	0	0	0	0	[]	[]	[]	[]
74	aminopyrine	0	0	0	0	[]	[]	[]	[]
18	1X/caffeine	0	0	0	3	[]	[]	[2720, 2708, 2696]	[]
31	grapefruit juice	0	1	0	0	[]	[98]	[]	[]
29	disulfiram	0	2	0	0	[]	[30, 32]	[]	[]
27	AAMU/(AAMU+1U+1X)	0	0	0	3	[]	[]	[2339, 2335, 2331]	[]
26	AFMU/(AFMU+1U+1X)	0	0	0	0	[]	[]	[]	[]
25	1U/1X	0	0	0	3	[]	[]	[2340, 2336, 2332]	[]
24	1U/(1U+1X)	0	0	0	6	[]	[]	[2124, 2123, 2122, 2121, 2120, 2119]	[]
23	17U/17X	0	0	0	6	[]	[]	[2118, 2117, 2116, 2115, 2114, 2113]	[]
22	(AAMU+1X+1U)/17U	0	0	0	0	[]	[]	[]	[]
21	(AFMU+1U+1X)/17U	0	0	0	6	[]	[]	[2112, 2111, 2110, 2109, 2108, 2107]	[]
20	1X/theophylline	0	0	0	3	[]	[]	[2718, 2706, 2694]	[]
19	1X/paraxanthine	0	0	0	3	[]	[]	[2719, 2707, 2695]	[]
17	theophylline/caffeine	0	0	0	3	[]	[]	[2716, 2704, 2692]	[]
72	chlorozoxazone	0	0	0	0	[]	[]	[]	[]
16	theobromine/caffeine	0	0	0	3	[]	[]	[2717, 2705, 2693]	[]
15	caffeine/paraxanthine	0	0	0	102	[]	[]	[645, 646, 647, 648, 649, 650, 651, 652, 653, 654, 655, 656, 657, 658, 659, 660, 661, 662, 663, 664, 665, 666, 667, 668, 669, 670, 671, 672, 673, 674, 675, 676, 677, 678, 679, 680, 681, 682, 683, 684, 685, 686, 687, 688, 689, 690, 691, 692, 693, 694, 695, 696, 697, 698, 699, 700, 701, 702, 703, 704, 705, 706, 707, 708, 709, 710, 711, 712, 713, 714, 3927, 3928, 3929, 3930, 3931, 3932, 3933, 3934, 3935, 3936, 3937, 3938, 3939, 3940, 3941, 3987, 3988, 3989, 3990, 3991, 3992, 3993, 3994, 3995, 3996, 3997, 3998, 3999, 4000, 4001, 4018, 4020]	[]
14	paraxanthine/caffeine	0	0	26	158	[]	[]	[269, 270, 271, 272, 273, 274, 275, 276, 277, 278, 279, 280, 281, 282, 283, 284, 285, 286, 287, 288, 715, 716, 717, 718, 719, 720, 721, 722, 723, 724, 725, 726, 727, 728, 729, 730, 731, 732, 733, 734, 735, 736, 737, 738, 739, 740, 741, 742, 743, 744, 745, 746, 747, 748, 749, 750, 751, 752, 753, 754, 755, 756, 757, 758, 759, 760, 761, 762, 763, 764, 765, 766, 767, 768, 769, 770, 771, 772, 773, 774, 775, 776, 777, 778, 779, 780, 781, 782, 783, 784, 2691, 2703, 2715, 3106, 3120, 3134, 3148, 3162, 3176, 3190, 3204, 3864, 3865, 3866, 3867, 3868, 3869, 3870, 3871, 3872, 3873, 3874, 3942, 3943, 3944, 3945, 3946, 3947, 3948, 3949, 3950, 3951, 3952, 3953, 3954, 3955, 3956, 4002, 4003, 4004, 4005, 4006, 4007, 4008, 4009, 4010, 4011, 4012, 4013, 4014, 4015, 4016, 4627, 4628, 4629, 4630, 4631, 4632, 4633, 4634, 4635, 4636, 4897, 4898, 4899, 4900, 4901, 4902]	[586, 585, 574, 572, 570, 568, 566, 564, 562, 556, 550, 544, 516, 410, 409, 408, 407, 406, 405, 404, 296, 295, 180, 174, 12, 11]
13	methylxanthine	0	0	0	0	[]	[]	[]	[]
12	1X	0	0	0	0	[]	[]	[]	[]
11	37X	0	0	0	0	[]	[]	[]	[]
10	17U	0	0	4	0	[]	[]	[]	[270, 269, 268, 267]
9	17X	0	0	0	0	[]	[]	[]	[]
8	1U	0	0	0	0	[]	[]	[]	[]
7	AAMU	0	0	0	0	[]	[]	[]	[]
6	AFMU	0	0	0	0	[]	[]	[]	[]
33	levonorgestrel	0	1	0	0	[]	[18]	[]	[]
34	gestodene	0	1	0	0	[]	[16]	[]	[]
35	EE2	0	1	0	0	[]	[20]	[]	[]
37	codeine-6-glucuronide	0	0	42	210	[]	[]	[8463, 8464, 8479, 8480, 8495, 8496, 8509, 8521, 8533, 8547, 8561, 8577, 8595, 8899, 8900, 8901, 8902, 8903, 8904, 8905, 8906, 8907, 8908, 8909, 8910, 8911, 8912, 8913, 8914, 8915, 8916, 8917, 8918, 8919, 8920, 8921, 8922, 8923, 8924, 8925, 8926, 8927, 8928, 8929, 8930, 8931, 8932, 8933, 8934, 8935, 8936, 8937, 8938, 8979, 8980, 8981, 8982, 8983, 8984, 8985, 8986, 8987, 8988, 8989, 8990, 8991, 8992, 8993, 8994, 8995, 8996, 8997, 8998, 8999, 9000, 9001, 9002, 9003, 9004, 9005, 9006, 9007, 9008, 9009, 9010, 9011, 9012, 9013, 9014, 9015, 9016, 9017, 9018, 9083, 9084, 9085, 9086, 9087, 9088, 9089, 9090, 9195, 9196, 9197, 9198, 9199, 9200, 9201, 9202, 9264, 9272, 9533, 9536, 9859, 9863, 9875, 9879, 9995, 9996, 9997, 9998, 9999, 10000, 10001, 10002, 10027, 10028, 10029, 10030, 10031, 10032, 10033, 10034, 10051, 10052, 10053, 10054, 10055, 10056, 10057, 10058, 10104, 10107, 10110, 10171, 10172, 10173, 10174, 10175, 10176, 10177, 10178, 10195, 10196, 10197, 10198, 10199, 10200, 10201, 10202, 10215, 10313, 10314, 10315, 10316, 10317, 10318, 10319, 10320, 10377, 10378, 10379, 10380, 10381, 10382, 10383, 10384, 10405, 10413, 10670, 10671, 10672, 10673, 10674, 10695, 10996, 11005, 11014, 11023, 11113, 11114, 11129, 11130, 11145, 11146, 11161, 11162, 11177, 11178, 11273, 11274, 11289, 11290, 11305, 11306, 11321, 11322, 11337, 11338, 11370]	[1127, 1121, 1104, 1061, 1060, 1047, 1046, 1023, 1021, 1018, 1015, 1012, 1009, 1006, 1003, 1000, 914, 913, 912, 911, 910, 909, 908, 907, 906, 905, 904, 782, 781, 780, 779, 778, 777, 776, 775, 774, 773, 772, 636, 632, 616, 615]
71	ethanol	0	0	0	0	[]	[]	[]	[]
69	ofloxacin	0	12	0	0	[]	[123, 124, 125, 126, 197, 198, 199, 200, 363, 364, 365, 366]	[]	[]
66	ciprofloxacin	0	31	0	0	[]	[147, 148, 149, 150, 155, 156, 157, 158, 163, 164, 165, 166, 221, 222, 223, 224, 229, 230, 231, 232, 237, 238, 239, 240, 270, 271, 272, 371, 372, 373, 374]	[]	[]
65	enoxacin	0	28	0	0	[]	[171, 172, 173, 174, 179, 180, 181, 182, 187, 188, 189, 190, 245, 246, 247, 248, 253, 254, 255, 256, 261, 262, 263, 264, 379, 380, 381, 382]	[]	[]
63	ibuprofen	0	0	0	0	[]	[]	[]	[]
60	venlafaxine	0	0	0	0	[]	[]	[]	[]
56	chlordiazepoxide	0	0	0	0	[]	[]	[]	[]
55	amiloride	0	0	0	0	[]	[]	[]	[]
54	hydrochlorthiazide	0	0	0	0	[]	[]	[]	[]
53	diltiazem	0	0	0	0	[]	[]	[]	[]
52	enalapril	0	0	0	0	[]	[]	[]	[]
51	beclometasone	0	0	0	0	[]	[]	[]	[]
50	salbutamol	0	0	0	0	[]	[]	[]	[]
49	debrisoquine/4-hydroxydebrisoquine	0	0	0	29	[]	[]	[11356, 11354, 11353, 10944, 10943, 10828, 10827, 10826, 10825, 10824, 10823, 10822, 10821, 10820, 10819, 10818, 10817, 10816, 10815, 10636, 10635, 10634, 10633, 10632, 10631, 10630, 10629, 9246, 9245]	[]
46	M+N+C-6-G	0	0	0	2	[]	[]	[9866, 9862]	[]
45	morphine+normorphine+M3G+M6G+codeine+norcodeine+C3G+NCG	0	0	0	5	[]	[]	[11030, 11021, 11012, 11003, 10702]	[]
44	morphine+normorphine+M3G+M6G+codeine+norcodeine+C3G+C6G	0	0	0	9	[]	[]	[10411, 10368, 10367, 10366, 10365, 10364, 10363, 10362, 10361]	[]
43	morphine+M3G+M6G	0	0	0	3	[]	[]	[10620, 10619, 10618]	[]
42	(Mor+M3G+M6G)/(Cod+C6G)	0	0	2	0	[]	[]	[]	[644, 643]
41	morphine/codine	0	0	0	13	[]	[]	[9437, 9436, 9435, 9434, 9433, 9432, 9431, 9430, 9429, 9428, 9427, 9426, 9425]	[]
40	codeine/morphine	0	0	3	0	[]	[]	[]	[690, 640, 639]
39	norcodeine-glucuronide	0	0	0	30	[]	[]	[11376, 11342, 11341, 11326, 11325, 11310, 11309, 11294, 11293, 11278, 11277, 11182, 11181, 11166, 11165, 11150, 11149, 11134, 11133, 11118, 11117, 11025, 11016, 11007, 10998, 10697, 9278, 9270, 8597, 8579]	[]
38	norcodeine	0	0	28	98	[]	[]	[8510, 8523, 8535, 8548, 8562, 8578, 8596, 9115, 9116, 9117, 9118, 9119, 9120, 9121, 9122, 9227, 9228, 9229, 9230, 9231, 9232, 9233, 9234, 9269, 9277, 9317, 9318, 9319, 9320, 9325, 9326, 9327, 9328, 9333, 9334, 9335, 9336, 9343, 9344, 9345, 9346, 9438, 9439, 9440, 9441, 9442, 9443, 9444, 9445, 9446, 9447, 9448, 9449, 9450, 9861, 9865, 9878, 9882, 10321, 10322, 10323, 10324, 10325, 10326, 10327, 10328, 10406, 10680, 10681, 10682, 10683, 10684, 10696, 10997, 11006, 11015, 11024, 11115, 11116, 11131, 11132, 11147, 11148, 11163, 11164, 11179, 11180, 11275, 11276, 11291, 11292, 11307, 11308, 11323, 11324, 11339, 11340, 11375]	[1062, 1052, 925, 924, 923, 922, 921, 920, 919, 918, 917, 916, 915, 793, 792, 791, 790, 789, 788, 787, 786, 785, 784, 783, 660, 659, 658, 657]
128	insulin/glucose	0	0	6	0	[]	[]	[]	[1770, 1769, 1768, 1767, 1766, 1765]
